{
  "N": 64,
  "t": 1.0,
  "Delta": 1.0,
  "seed": 0,
  "mu_grid": [
    0.0,
    0.1,
    0.2,
    0.3,
    0.4,
    0.5,
    0.6,
    0.7,
    0.8,
    0.9,
    1.0,
    1.1,
    1.2,
    1.3,
    1.4,
    1.5,
    1.6,
    1.7,
    1.8,
    1.9,
    2.0,
    2.1,
    2.2,
    2.3,
    2.4,
    2.5,
    2.6,
    2.7,
    2.8,
    2.9,
    3.0
  ],
  "w_grid": [
    0.0,
    0.1,
    0.2,
    0.3,
    0.4,
    0.5,
    0.6,
    0.7,
    0.8,
    0.9,
    1.0
  ],
  "parity_check": {
    "max_abs_M_plus_MT": 0.0,
    "parity_even": true
  },
  "robustness_margin_n5": {
    "per_w_plateau_mu_max": {
      "0.0": {
        "plateau_mu_max": 1.3,
        "n_pts_below_thresh": 14
      },
      "0.1": {
        "plateau_mu_max": 1.3,
        "n_pts_below_thresh": 14
      },
      "0.2": {
        "plateau_mu_max": 1.3,
        "n_pts_below_thresh": 14
      },
      "0.3": {
        "plateau_mu_max": 1.3,
        "n_pts_below_thresh": 14
      },
      "0.4": {
        "plateau_mu_max": 1.3,
        "n_pts_below_thresh": 14
      },
      "0.5": {
        "plateau_mu_max": 1.3,
        "n_pts_below_thresh": 14
      },
      "0.6": {
        "plateau_mu_max": 1.3,
        "n_pts_below_thresh": 14
      },
      "0.7": {
        "plateau_mu_max": 1.3,
        "n_pts_below_thresh": 14
      },
      "0.8": {
        "plateau_mu_max": 1.3,
        "n_pts_below_thresh": 14
      },
      "0.9": {
        "plateau_mu_max": 1.3,
        "n_pts_below_thresh": 14
      },
      "1.0": {
        "plateau_mu_max": 1.3,
        "n_pts_below_thresh": 14
      }
    },
    "max_minE_over_topological_region_allw": 0.007373330141950544,
    "deep_plateau_mu_max_allw": 1.3,
    "plateau_threshold": 1e-10
  },
  "n4_control_min_topo_wpos": 0.00044384016146063136,
  "n4_control_min_topo_w0_decoupled": 0.0,
  "boundary_finite_size": {
    "mu": [
      1.0,
      1.5,
      1.8,
      1.9,
      1.95,
      2.0,
      2.1,
      2.5
    ],
    "by_N": {
      "64": [
        1.4988010827214552e-15,
        8.829353510526304e-09,
        0.00044803408296844894,
        0.00530598198084562,
        0.002726418686088291,
        0.007810876861952226,
        0.016664874202811247,
        0.02481200711685969
      ],
      "128": [
        9.716808346290775e-17,
        7.060879286895222e-16,
        5.282321189460636e-07,
        0.00027457820247596236,
        0.0038973113082572492,
        0.0152322875525919,
        0.008498456761785213,
        0.00268549854423349
      ],
      "256": [
        2.220446049250313e-15,
        1.1267368327802275e-15,
        7.321725526742941e-13,
        3.866139834049321e-07,
        0.00015126227729660066,
        0.00240708010325887,
        0.0013857279723851238,
        0.0038638449493697503
      ]
    }
  }
}