{
  "model": "SO5_spinor_BBQ",
  "L": 16,
  "theta": 0.0,
  "chi_max": 400,
  "E0": -21.085158320485302,
  "E0_per_bond": -1.4056772213656867,
  "S_Lhalf": 0.3747680665530613,
  "S_max": 1.4085072304342174,
  "c_fit_smoothed": 0.23747201116709457,
  "R2_smoothed": 0.829806263601861,
  "S_vs_l": [
    [
      1,
      1.3862943611198906
    ],
    [
      2,
      0.298522112190644
    ],
    [
      3,
      1.3995327055057738
    ],
    [
      4,
      0.3531078818305125
    ],
    [
      5,
      1.4060027229249263
    ],
    [
      6,
      0.37045377296407644
    ],
    [
      7,
      1.4085072304342174
    ],
    [
      8,
      0.3747680665530613
    ],
    [
      9,
      1.4085072304249886
    ],
    [
      10,
      0.37045377294818205
    ],
    [
      11,
      1.4060027229217598
    ],
    [
      12,
      0.3531078817770784
    ],
    [
      13,
      1.3995327054808568
    ],
    [
      14,
      0.2985221121089964
    ],
    [
      15,
      1.3862943611198904
    ]
  ],
  "total_charge": [
    0,
    0
  ],
  "max_chi_used": 400,
  "runtime_sec": 28.245084524154663,
  "bond_energies": [
    -2.3711118195110616,
    -0.3960737677451508,
    -2.240957742001297,
    -0.43709108183431106,
    -2.215257350314597,
    -0.44848999241500453,
    -2.2080083775165313,
    -0.4511780578111908,
    -2.2080083775193993,
    -0.4484899924003991,
    -2.2152573503421373,
    -0.43709108180160844,
    -2.2409577420382196,
    -0.3960737676903323,
    -2.3711118195440304
  ],
  "dimerization": 1.7581743524085192,
  "bond_e_central": [
    -2.2080083775165313,
    -0.4511780578111908,
    -2.2080083775193993
  ]
}