{
  "model": "SO5_spinor_BBQ",
  "L": 32,
  "theta": 0.0,
  "chi_max": 400,
  "E0": -42.34378486887606,
  "E0_per_bond": -1.3659285441572921,
  "S_Lhalf": 0.3872177682345717,
  "S_max": 1.4128116420953223,
  "c_fit_smoothed": 0.07217531815782365,
  "R2_smoothed": 0.9192916947384945,
  "S_vs_l": [
    [
      1,
      1.3862943611198906
    ],
    [
      2,
      0.2987778746644388
    ],
    [
      3,
      1.3996480438955707
    ],
    [
      4,
      0.35409714236057427
    ],
    [
      5,
      1.406474683596557
    ],
    [
      6,
      0.3730989419628841
    ],
    [
      7,
      1.4097758777210827
    ],
    [
      8,
      0.38098024282804777
    ],
    [
      9,
      1.4114131223551762
    ],
    [
      10,
      0.38455952428470785
    ],
    [
      11,
      1.4122382747104105
    ],
    [
      12,
      0.3862451189162406
    ],
    [
      13,
      1.4126442727094122
    ],
    [
      14,
      0.38700115130880425
    ],
    [
      15,
      1.4128116420953223
    ],
    [
      16,
      0.3872177682345717
    ],
    [
      17,
      1.41281164207339
    ],
    [
      18,
      0.3870011512412186
    ],
    [
      19,
      1.4126442726362614
    ],
    [
      20,
      0.3862451188773206
    ],
    [
      21,
      1.412238274546585
    ],
    [
      22,
      0.3845595241651056
    ],
    [
      23,
      1.4114131221967403
    ],
    [
      24,
      0.3809802423752398
    ],
    [
      25,
      1.4097758775014433
    ],
    [
      26,
      0.3730989417445214
    ],
    [
      27,
      1.4064746835290074
    ],
    [
      28,
      0.3540971420774939
    ],
    [
      29,
      1.399648043827509
    ],
    [
      30,
      0.2987778744512648
    ],
    [
      31,
      1.3862943611198906
    ]
  ],
  "total_charge": [
    0,
    0
  ],
  "max_chi_used": 400,
  "runtime_sec": 86.14139699935913,
  "bond_energies": [
    -2.370991398555433,
    -0.3962470200749067,
    -2.2405145807209594,
    -0.43769349637451194,
    -2.2140921347825864,
    -0.45002620731825743,
    -2.2052747911221307,
    -0.45475458881189157,
    -2.2017276292843566,
    -0.456793130199526,
    -2.2001654066345653,
    -0.4577188371435256,
    -2.1994623347707183,
    -0.45812408444533415,
    -2.1991874159274385,
    -0.4582387565852971,
    -2.1991874159604503,
    -0.4581240843798565,
    -2.1994623347767384,
    -0.4577188371738651,
    -2.2001654065764655,
    -0.4567931302041497,
    -2.2017276294216734,
    -0.45475458855037726,
    -2.2052747912027555,
    -0.4500262073235627,
    -2.214092134886537,
    -0.4376934962411592,
    -2.240514580853516,
    -0.396247019925452,
    -2.370991398648049
  ],
  "dimerization": 1.7414037830248184,
  "bond_e_central": [
    -2.1991874159274385,
    -0.4582387565852971,
    -2.1991874159604503
  ]
}