{
  "model": "SO5_spinor_BBQ",
  "L": 64,
  "theta": 0.0,
  "chi_max": 400,
  "E0": -84.86112195215546,
  "E0_per_bond": -1.3470019357484992,
  "S_Lhalf": 0.3882794099366207,
  "S_max": 1.4132533401071345,
  "c_fit_smoothed": 0.005816189645259164,
  "R2_smoothed": 0.895092597846485,
  "S_vs_l": [
    [
      1,
      1.3862943611198908
    ],
    [
      2,
      0.29877977941189904
    ],
    [
      3,
      1.3996489423319673
    ],
    [
      4,
      0.3541043039212459
    ],
    [
      5,
      1.4064783550994375
    ],
    [
      6,
      0.3731171507326495
    ],
    [
      7,
      1.409785574888715
    ],
    [
      8,
      0.38101964518340997
    ],
    [
      9,
      1.4114344985473943
    ],
    [
      10,
      0.3846382072515431
    ],
    [
      11,
      1.4122812675631682
    ],
    [
      12,
      0.3863958451765802
    ],
    [
      13,
      1.4127265843092018
    ],
    [
      14,
      0.3872842539314586
    ],
    [
      15,
      1.4129652376928883
    ],
    [
      16,
      0.38774638560162034
    ],
    [
      17,
      1.413095086111853
    ],
    [
      18,
      0.3879920393826645
    ],
    [
      19,
      1.413166605117116
    ],
    [
      20,
      0.388124824198642
    ],
    [
      21,
      1.4132063833963642
    ],
    [
      22,
      0.38819752166915783
    ],
    [
      23,
      1.4132286603500506
    ],
    [
      24,
      0.38823765081355943
    ],
    [
      25,
      1.413241159022382
    ],
    [
      26,
      0.38825980285254236
    ],
    [
      27,
      1.413248096364959
    ],
    [
      28,
      0.38827176856218837
    ],
    [
      29,
      1.4132517607628339
    ],
    [
      30,
      0.38827764597831615
    ],
    [
      31,
      1.413253339990705
    ],
    [
      32,
      0.3882794099366207
    ],
    [
      33,
      1.4132533401071345
    ],
    [
      34,
      0.38827764693798994
    ],
    [
      35,
      1.4132517610668867
    ],
    [
      36,
      0.38827177016601255
    ],
    [
      37,
      1.4132480967615826
    ],
    [
      38,
      0.3882598046011321
    ],
    [
      39,
      1.4132411594993646
    ],
    [
      40,
      0.388237652341744
    ],
    [
      41,
      1.413228661158601
    ],
    [
      42,
      0.3881975232077364
    ],
    [
      43,
      1.4132063851264471
    ],
    [
      44,
      0.3881248268408408
    ],
    [
      45,
      1.4131666081682956
    ],
    [
      46,
      0.3879920418073838
    ],
    [
      47,
      1.413095089449409
    ],
    [
      48,
      0.38774638780397186
    ],
    [
      49,
      1.4129652403203494
    ],
    [
      50,
      0.3872842556137831
    ],
    [
      51,
      1.4127265852507138
    ],
    [
      52,
      0.3863958455026322
    ],
    [
      53,
      1.4122812677193608
    ],
    [
      54,
      0.3846382067948666
    ],
    [
      55,
      1.41143449842989
    ],
    [
      56,
      0.38101964482827755
    ],
    [
      57,
      1.409785574865361
    ],
    [
      58,
      0.37311715042835836
    ],
    [
      59,
      1.4064783551125157
    ],
    [
      60,
      0.3541043037623438
    ],
    [
      61,
      1.3996489423267175
    ],
    [
      62,
      0.2987797792674549
    ],
    [
      63,
      1.3862943611198908
    ]
  ],
  "total_charge": [
    0,
    0
  ],
  "max_chi_used": 400,
  "runtime_sec": 258.4785108566284,
  "bond_energies": [
    -2.370990505736817,
    -0.39624828843895044,
    -2.2405114209274544,
    -0.43769770065452074,
    -2.2140843712100846,
    -0.4500361233940166,
    -2.205258372751259,
    -0.4547751076505433,
    -2.20169529070545,
    -0.4568330960095466,
    -2.200103846774945,
    -0.457794538842221,
    -2.1993467622433496,
    -0.4582660722836084,
    -2.1989707169847375,
    -0.4585055005761579,
    -2.1987779800046123,
    -0.45863027407551216,
    -2.1986768207131755,
    -0.4586966112451674,
    -2.1986227464881005,
    -0.4587324250684106,
    -2.198593447302161,
    -0.458751961132074,
    -2.1985774548751746,
    -0.45876263861489425,
    -2.198568775323936,
    -0.4587683602520824,
    -2.198564268479107,
    -0.4587711545552919,
    -2.19856234729351,
    -0.45877199070187635,
    -2.1985623469794935,
    -0.45877115520087974,
    -2.198564267632681,
    -0.4587683613359684,
    -2.198568774211644,
    -0.45876263976072285,
    -2.1985774538592344,
    -0.45875196192878887,
    -2.198593446658052,
    -0.45873242535998815,
    -2.1986227462275476,
    -0.4586966114508007,
    -2.198676821015014,
    -0.4586302737150387,
    -2.1987779808433765,
    -0.45850549988420297,
    -2.1989707176126214,
    -0.45826607202182756,
    -2.199346762271897,
    -0.457794538709874,
    -2.200103846900693,
    -0.4568330956630907,
    -2.2016952909177756,
    -0.4547751074266701,
    -2.2052583730470428,
    -0.45003612307986646,
    -2.2140843714629383,
    -0.43769770048060985,
    -2.2405114210685797,
    -0.3962482883190739,
    -2.3709905058007767
  ],
  "dimerization": 1.7398119933918217,
  "bond_e_central": [
    -2.19856234729351,
    -0.45877199070187635,
    -2.1985623469794935
  ]
}